"","2-Hydroxy-4-(methylthio)butyric","4-Hydroxyisoleucine","Acetyl-L-carnitine","Aconitic Acid","Adenine","Adenosine","Adenosyl Methionine","Alanine","Allopurinol","Amino Propanesulfonic Acid","Aminobutyric Acid","AMP","Arginine","Arsenobetaine","Asparagine","Aspartic acid","Betaine","Butyryl-L-carnitine","Carnitine","Choline","Citric Acid","Citrulline","Creatine","Cystathionine","Cysteic Acid","Cytidine","Cytosine","Deoxyadenosine","DHAP","DHPS","Dimethylsulfonioacetate (DMS-Ac)","DMSP","Ectoine","Ethanesulfonic Acid","Fructose 6 phosphate","Fumaric Acid","Gluconic Acid","Glucosylglycerol","Glutamic acid","Glutamine","Glutathione Disulfide","glycerol 3 phosphate","Glycerophosphocholine","Gonyol","Guanine","Guanosine","Histidine","Homarine","Homocystine","Hydroxyectoine","Hydroxylysine","Hypotaurine","Hypoxanthine","Imidazoleacrylic Acid","Inosine","Isethionic Acid","Ketoglutaric Acid","L-Pyroglutamic acid","Leucine","Lipoic Acid","Lysine","Malic Acid","Melamine","MESNA (Sodium 2-mercaptoethanesulfonate)","Methionine","Methionine Sulfoxide","Methylphosphonic Acid","N-acetyltaurine","N-methyltaurine","N(e)-Acetyl-Lysine","NAD","Ornithine","Orotic Acid","Oxalic Acid","Proline","Propanesulfonate","Propionyl-L-carnitine","Resorcylic Acid","Ribose 5 phosphate","Salicylic Acid","Serine","Shikimic Acid","Stachydrine hydrochloride","Succinic Acid","Succinic semialdehyde","Sulfanilic Acid","Taurine","Threonine","Thymidine","Thymine","Trehalose","Trigonelline","Turicine","Tyrosine","UDP-glucosamine","UDP-glucose","Uridine"
"171009_Smp_IL1Control5um_1",0.384191617940379,0.177226331923857,-0.465136899404404,0.0967421760490432,-0.0221659760487012,-0.0579896418077942,0.242270959891342,-0.125403811921323,0.869047525310744,-1.25944086832165,-0.104763200201042,-0.630286927808535,-0.495610903181565,0.970749331045035,-0.00636016340017658,0.55865612844543,0.253459155269835,0.52236623559773,-0.0226855744381002,-0.245069652930659,0.303505195547065,-0.60614650885535,-0.41043754392415,-0.360856239641609,0.308535326481812,-0.243841361195709,0.456033882600534,0.85080431959886,0.549635485078283,-0.39514267184738,0.177159971562743,-0.349712407471101,-0.441540601490498,-0.680870202088364,-0.511741134146999,0.983089759837344,-0.642080995645547,-0.39485326408074,-0.0952545467225773,0.0213726240268339,0.545894433404141,-0.315508902391809,-0.00689400193346911,-0.799459067209979,-0.48530120171342,-0.131559406521289,0.0436255136957483,-0.0528133493945795,-0.264704894845803,1.55393731300998,-0.196202086881754,-0.170766607863866,0.660288025132897,-0.418262877224591,-0.160356881867611,0.109510604029668,-0.139244007410719,-0.810455053775122,0.357480505012422,1.59686695163088,-0.264658352959477,-0.355679964699668,-0.552892718062376,-1.84971530776572,-0.0207289957373229,0.161275006598753,-0.723798912068718,-0.519993051689779,1.0790025790476,2.14171188129194,-0.336384605452126,-0.641811712432996,-0.159333830409132,0.265164219874524,-0.282125987660004,-0.927155652433534,1.01740103162663,0.798640938957857,-0.559500748749831,-1.08824990317611,0.245413842522987,0.584153236055573,0.135911913405313,-0.293728581620819,0.41427521355006,-0.171803267555055,0.000387682818749858,-0.260078010666014,1.37868878654453,0.872326764469563,-0.464206838290321,0.217167473642986,0.471092841897202,-0.441868254509157,0.356985288013586,-0.451042650301513,-0.388327933378996
"171009_Smp_IL1Control5um_2",-0.492682301222401,1.50999749523787,-0.65153445798824,0.104383798090292,-0.41249469624845,-0.393890012608899,-0.305764551961607,-0.562118441226098,-0.75957876148282,0.0418388546177341,0.758777643783055,0.280881440396582,-0.171904559189927,1.70499900968519,-0.493065039201277,-0.663457744495937,0.844899205908439,-0.664866001939851,-0.448323661275224,-0.274246987431527,-0.0757451437579871,-0.678490081543501,1.30241693192611,-0.475936588738624,-0.450715961111587,-0.654861430449955,-0.770187202441133,-0.520829435787491,0.915109644521603,-0.50040109480839,-0.388028242061481,-0.720769354154079,-0.490258310733907,-0.225363246550912,-0.611532378234478,0.681092909500855,-0.952757341828162,-0.56929778181913,-0.595457648745373,-0.483706720104044,-0.262974854903052,-0.514218998466595,0.486660827386422,-0.879865151011988,-0.974629463607221,-0.533036628218035,-0.514537045892184,-0.141670017326998,-0.323310688944567,0.919488809698186,-0.582288131861429,-0.257032183509766,-1.14012662793587,-0.0832612379590552,0.49365727904119,-0.334058646433989,-0.495016639025128,-0.319070370668354,-0.500287687681933,-0.04020339404603,-0.371895914448738,-0.496440415825435,-0.876948321922234,-1.29018251794632,-0.3409513321343,0.351063400522047,-0.871582034604354,-0.695504603152269,0.355198640192575,0.573552610149169,-0.696721456626507,-0.5789034667892,-0.471800182786469,1.01435071693591,0.0918155068990377,-0.466129555099778,-0.433205170497797,1.30743319322924,-0.439147113374878,0.0279431695123096,-0.274737032516074,-1.50775155110018,-0.220161871067835,-0.472180024826287,-0.000358897737056928,-0.149000118653084,0.895872891373988,-0.573794590086366,-0.814673038771788,-0.780224415686206,-0.351430667868651,0.804890263348735,1.12197231540226,-0.745707492823067,0.269488937713865,-0.451042650301513,-0.581865763266688
"171009_Smp_IL1Control5um_3",-1.51519076827681,1.05373809907855,1.95242832056818,-0.361910542908666,0.454048117490635,0.710136388632948,-0.647707547990422,0.26185243405324,0.861333510917596,2.04086313354314,0.853821808084326,-0.826063257766782,-0.346053424705738,0.310447809014422,-0.447078140532255,-0.0508088981065121,0.441597122934312,0.523538402196173,2.04950595997885,1.93606419947888,0.523554967669592,-0.7270821395725,-0.261543350602678,-0.783585313994415,0.17219748481675,0.0645802643336918,1.68745946938691,3.04020010593172,-1.31908149339563,-0.550563145333636,0.0267751733844145,0.279588953136902,3.93632349164409,0.886698778360967,-0.342339960044778,-0.172044396098469,-0.177068551077418,-0.260533974172687,-0.0605962875788948,-0.452352980125539,-0.604229080212469,1.4420429342978,-0.900927050688005,0.0980690930148647,1.10199438478752,-0.193482821607668,0.947424463688564,-0.141289813582791,-0.406881813427392,-0.0889681565189461,-0.582288131861429,0.457681566533807,1.12382606410623,1.27001367022306,-0.295981752073394,2.65236134141001,-0.471610127654639,-0.120089154498418,1.3690336142079,0.626522799815645,0.141138556483267,-0.391663445117141,-0.149372237569437,1.2400476212119,-0.0554214872961615,-0.783127360854806,-1.00781623740593,-0.558233073689191,-0.618899143919144,-1.11782587493941,0.105503283230975,-0.0897609452072563,-0.492879132668668,-0.930084762213414,-0.605870945686684,-0.0348356301149786,0.175250596380689,-0.270754277134643,-0.487570327066009,1.1771995988537,0.0114141851071122,1.46661261248905,0.789655069572147,0.0742959101114976,0.200966245594748,-0.660837521371757,-0.113686072889099,-0.476935863782771,1.51251434104534,1.6047416339552,-0.624407903368183,-0.332716170866638,0.571223808491755,0.849603454392796,-0.69922833559384,-0.405027480626103,0.0188309956921071
"171009_Smp_IL1DMB5um_1",-1.85526195841,0.252581372113084,-0.271765731182607,-0.520143011510628,-0.207163514452707,-0.0677612097604425,-0.801351361101454,-0.0599714485075276,0.767653675026343,-0.876974749476468,-0.820518056320497,-0.954266358150956,-0.600372628768426,1.0175205621997,-0.750870332923002,-0.611801765031549,0.181803136986301,-0.111988451547116,0.369704378482015,0.391837581700292,-0.627014260624954,-0.910105015151513,-0.316980947250247,-0.678255857325001,-0.429035449347455,-0.612745516001598,-0.0379292854323747,0.981496312743723,-0.740595607841557,-0.616045821446882,0.20794886643066,-0.723472676108897,0.116837422570581,-1.61243361946095,-0.628205284633916,-1.28788828495239,-0.409288071214747,-0.583297211639502,-0.357625973413294,-0.732645067450353,-0.683215367017991,-0.175929597129649,-0.382319855059296,0.20039395123234,-0.270257883997484,-0.420004870045816,-0.601287862012828,-0.473558140821112,-1.27615717994642,-0.0886788209967871,1.04566445816845,-0.00179723914427669,0.750851261030271,-0.366626210342468,-0.620370608800521,-0.291595269708967,-0.641714555904839,-0.851374905269796,0.298021907655569,-0.967980243244932,-0.360073469656733,-0.674576930451605,-0.289795553011957,0.800475474844379,-0.432493176909007,-0.783326406689553,0.214699371422123,-0.749871398337212,-0.356704124566981,-1.16692466208793,-1.09455662318874,-0.853252353146673,-0.563827851463304,-1.07663397173475,-0.447935236319965,0.259437064095108,-0.208986062367016,1.1153125847524,-0.499616831499762,0.546552304872049,-0.925682555352481,0.589753350092945,0.292644404438065,-0.712820146116208,-0.292063245433526,-0.181354552223977,-0.307145808309906,-0.706528917795139,0.817037961685152,0.59431302380443,-1.19991975039842,-0.103036182727397,0.239210350641055,-0.316597670588204,-1.09111819642979,-0.40199522907713,-0.385797788370187
"171009_Smp_IL1DMB5um_2",0.448123783156212,-0.0995336386320693,-0.4192440453905,-0.57837201606846,-0.594946540465097,-0.457696144631234,-0.565304302929186,0.0128077776386696,-0.26131350691156,-0.167854845148836,-0.729983647843942,-0.760144818547971,-0.666148960197518,0.0646996717879828,-0.744245964251017,-0.727988630884366,0.145995680155233,-0.526339195468266,-0.481294989907057,-0.646598758335455,-0.605738172367808,-0.826110014635674,-0.399045117511812,-0.685654007994177,-0.616775445562876,-0.77265518412156,-0.687536983358193,0.0565288052087317,0.578064607313709,-0.510083367492961,-0.746924990766917,-0.586023850995581,-0.380890762292465,0.793259827656657,-0.689130482001894,-0.440953866485716,-0.25934684325004,-0.622212691219806,-0.734384396120381,-0.534676277803314,-0.700647141899674,-0.665013629106043,-0.824644000386247,-0.0725079006718388,-0.79188187288154,-0.554057920355624,-0.524199924344605,-0.800827000024893,-0.31667595037572,-0.902308780532511,-0.582288131861429,0.0507727827974591,0.0472620937236797,-0.680854626885549,-0.729673519217348,-0.52912124030704,-0.728003071239355,-1.0448926841993,-0.368237347214871,1.27652996245034,-0.586645668659379,-0.343653929571868,-0.523467221803155,0.249621551542481,-0.587531240618171,-0.396097754103028,0.798060962512593,-0.517118058093319,-0.332263087823955,0.139054127702602,-0.183493787262099,-1.17834056364153,-0.0963519744757252,-0.532749434691494,-0.62316421893061,-1.45534190565367,-0.462715281290054,-0.645426338866327,-0.613023010617525,1.13147128654658,-0.88902717393703,1.12249545100375,0.232915420131715,-0.716289202020633,-0.306160466353591,-0.0707706955972567,-0.376323295951524,-0.805634906421247,-0.266945828239612,-0.160738562650042,-0.200874931248149,-0.281711948918905,-0.02751918820517,-0.567382751854581,-0.329351444414977,-0.451042650301513,-0.694580793284807
"171009_Smp_IL1DMB5um_3",1.99752427510256,-0.342921153980725,-0.593473673264206,-0.546624514634253,-0.406394006878107,-0.422525547496998,-0.605274211387416,-0.436540730478737,-0.570498159088009,-0.140068947971416,-0.292536022272946,-0.631685262752417,-0.758822324326197,-0.388561385700466,-0.720948441440541,-0.795018034086378,-0.401958035826878,-0.533227577101975,-0.226781045790661,-0.427198899237985,-0.474691654374111,-0.787900474204865,-0.343475658567878,-0.631417053907595,-0.529660203199834,-0.570044047321146,-0.229382442117268,0.441079703810077,-0.28614343589807,-0.501822638176802,-0.686902707564137,-0.6477557236017,-0.499029474390389,-0.991124480081863,-0.6133194069173,-1.19007113154284,-0.502854376954558,-0.5787570936901,-0.593889775193776,-0.69797991447149,-0.50873699309361,-0.388420528442856,-0.218730100066271,0.0778185240661967,-0.67732943391861,-0.27887278090528,-0.818329792075945,-0.801787097738882,-1.05385069486272,-0.502326532441325,-0.582288131861429,-0.190371449524251,-0.419600576393077,-0.722579975816578,-0.736354521262963,-0.613762805253869,-0.609742207158523,-0.968754914226255,-0.404562043938477,0.550208229157339,-0.650356840219597,-0.354287039598788,-0.70745270017754,0.309539764461081,-0.659212009377189,-0.172847402998965,0.324896238161991,0.153599223765101,-0.253392754151699,-0.00161908995884719,-0.429701091082067,-1.04250371716671,-1.7303226089683,-0.662204384411088,-0.682601860270549,0.166099383059986,-0.516256591527715,-0.649336401296743,-0.507040591199325,-1.15039896753008,-0.963153529289326,0.306662164611105,0.142431759129536,-0.597889162256561,3.74904513766879,-0.321110936089172,-0.483805406260706,-0.767991274415339,-0.0421129204855217,0.101647155152222,0.602841258010443,-0.426331039954997,-0.279220153395175,-0.687063328433027,-0.524316857067276,-0.371110408923967,-0.612424426922256
"171009_Smp_IL1DMBnoBT5um_1",1.14034991129536,1.0973348285186,0.0415649785818067,-0.274445632569739,0.0811114519200125,0.743528777372254,0.620382860556862,1.44757459668984,0.334086526069532,-0.727257972359236,0.869502059068529,1.85342661688052,1.25888149816617,1.78395590384138,1.27496019670667,0.99939931715235,1.75029376907847,0.405588503938531,0.188392265244927,0.594711157757586,0.0174397407207667,1.23777364239418,3.96561427500272,1.43188363893993,1.53618434967892,0.457523056774582,-0.516436101449157,-0.209408667140348,-0.379489121809678,0.641029512828012,0.535347103282818,0.961584593465332,0.251310123335985,1.37541820480018,1.12616810069352,-0.25837683070751,1.57507059539996,0.434674439221798,0.517558042342515,1.60535020706826,0.455421008388717,0.347307309750508,0.633518965659109,1.30773026174562,1.54646466222686,1.44824609253621,1.94700537553078,1.2881620426776,1.12460829821142,-0.191856827010328,-0.582288131861429,0.401882554835951,0.517389039206777,-0.340835911596243,1.40255010712607,0.454817493480186,0.914122535394779,0.525546367787742,0.729218424360803,-1.06583504006103,2.25476354900646,1.43397888881681,-0.996193365244429,0.182029963338711,2.49151663135674,3.06465481324555,0.760944763120816,3.14375505112666,1.59302734177144,2.2538034185802,2.22083664383091,1.29134048116724,0.721350607067856,-0.278486849259368,2.05559799930006,0.932119726003922,1.01042630526632,1.37076494031712,0.272464441340506,-0.639247008290265,1.04500226932381,0.817632190402299,-0.257959534960401,0.908456885793331,0.016130013337361,2.30985808440167,0.198801327045797,1.59105589391046,0.831130799836978,0.636504855489323,0.576509430132216,2.43573105656074,1.36402208272541,2.99251497567139,1.50687145985863,-0.320814339765719,0.860802348563879
"171009_Smp_IL1DMBnoBT5um_2",0.882326353777146,-0.416819979325824,0.0632323380334852,-0.414273330241138,-0.0495883712760739,0.322944121132862,-0.0482891022791101,0.344790999782114,-0.00991744553773913,0.751780341343385,1.74004767323157,0.0828136566355385,0.290314247620941,-0.522642905160231,0.163076820225728,0.121741224451476,0.63255268022463,0.74526789418107,0.268888609490557,0.170769507359386,-0.251177477735657,0.0898908437507488,-0.325785052654002,0.666261535810891,0.38180119693547,0.266074638028492,0.182151609410069,-0.320808579086843,-0.553302075901899,0.0190573663657468,0.193558679865744,0.415177040982229,0.216141651164598,0.424904365033931,0.0845483226473519,1.11762612195798,0.308767134939151,-0.0440371245757399,0.155325248120413,0.197592521628663,-0.278213997949927,-0.189307832503647,-0.0415174728492856,-0.141480568127579,0.555957347545365,0.336020649956614,-0.100046300984202,0.361488216780411,-0.135955879050427,-0.737457328751573,-0.582288131861429,0.685910261443557,0.219679712972836,-0.576518891622213,0.0643865337121077,0.21119553200098,0.362974309057536,-0.205884060283027,0.332751499929419,2.62906208931198,0.199034585650076,-0.04548450560387,0.189514242142152,0.707084811310754,-0.0400175195444837,-0.783372811964039,-0.119464697893347,0.898869616568823,0.595539957740162,-0.228861229976521,0.783747263221798,0.0289544287992613,-0.417214422501391,-0.463471089113375,0.111267136486395,0.0401043001782114,0.740210788667799,-0.827689891201779,-0.377622521503298,0.127154168957967,-0.199752995669508,-0.0376187299594427,-0.00262584235279239,0.545792608339847,0.0749490572052562,0.449459621572856,0.917124940365223,0.560690208046365,-0.176351625044658,-0.026155682094896,0.206468248030126,0.668082610117956,-0.194144394340581,0.0404775558670944,0.287129707863036,-0.359009821326557,0.167475801850826
"171009_Smp_IL1DMBnoBT5um_3",0.682670344807358,0.0442898208338023,0.319848270929259,-0.320349753586208,0.125257777369127,0.677788796206338,0.270969468609328,1.51825360518048,0.8257997800623,-0.911296889430537,0.508576706448954,0.259988204906382,1.03360267143887,0.157185294245191,0.863225354442854,0.941904260333927,0.72704956633597,1.46396106751867,0.287376946708964,0.0102121553229806,0.0889464139362646,0.385505347994927,-0.126996931971175,1.05111961675545,0.81878946780765,0.668203988023111,0.57022230365826,0.290060333782755,-0.68716396034348,0.274906074634562,0.522682816124505,1.0189383325727,0.125585788417994,-1.17694068066753,0.466468547167288,1.66137155729366,1.81397122815715,0.282227013904306,0.584914538357114,1.12080731793064,0.297989277635006,0.213001941080916,0.23065045607391,2.47468380703626,1.47254050331993,0.754121647906264,0.598757260335611,0.681612392909944,0.570830912183744,0.223876017817097,-0.582288131861429,1.58591948183358,0.930962216495254,-0.514211215174027,0.247563633603099,0.60697885166755,0.677570855101668,0.445552873863251,0.680246128403208,-0.0260490148416035,1.07951009227371,1.77694012346453,0.737386560424163,0.374631892823534,0.990496934667045,-0.433867605999989,1.3715058259638,0.768239777909328,0.825250041390644,1.57791353139948,0.79395451955682,1.30632882060379,0.619810598812567,1.48196289120198,0.970777819300193,2.88842961856472,0.753193944115293,-0.831041419393404,-0.219223078627523,-0.221499685641575,0.687370209814509,1.0119722995467,1.71016632185101,0.337491778306826,0.406309461126321,1.41077486540354,0.642598553399688,1.54319476185163,0.642838041890653,0.443953814138385,1.86993655172293,1.05210712966731,0.372722647227801,0.678731580323358,1.34134955945511,0.829927797110394,0.513861819860068
"171009_Smp_IL1DSW5um_1",0.761610727969346,-0.91954274985449,0.643575378679692,-0.400932542193528,1.26387976568833,0.802580418406228,0.256027246209679,0.106962957553711,1.41314099548562,1.21179734614697,0.201280763846342,0.766235563188547,1.12314166657298,-0.619001957603889,0.779703800727286,0.868290969737716,-0.287068669262733,-0.11293847594268,-0.0265542046538335,0.70612722207033,-0.0188651121653276,0.681658540544082,-0.330815883952772,-0.104462367574653,0.525276346591412,0.468283740110885,0.662008424394179,0.71379439884077,-1.34864006836283,1.64888971671211,0.428699145678841,0.863911777927496,-0.327589289099869,-1.1317708681538,1.03249245442404,0.733571810027119,0.873548853665103,1.51052332714171,0.962246052180912,1.0883604285745,-0.0206499767489549,1.28461179154277,0.744182065926181,0.841725128620045,0.463579738684207,0.318583935301401,0.263359076399346,0.945322107680996,1.02138282397777,-1.16826466708485,3.37470335869436,-0.0565679379049141,1.64800201303521,-0.68741993108539,0.753358261168803,0.377647483673371,1.25463779410472,1.56648876530328,-0.150615657442765,-0.62189695473066,0.663828095620544,0.968205392966531,-0.696624802933577,0.411814085714792,0.53384675337066,-0.422669965902491,-0.540082926956197,0.690808776515906,-0.813752804266615,-0.558584546961229,0.620995231288551,0.347205963721657,0.306623819579401,0.37080945087143,1.12687699802673,0.212687937580439,0.0337971439472006,-0.520228654136081,0.991813122031751,0.185754115600635,0.143890809527295,0.271124340979636,-0.540731041332093,1.27478344095194,-0.500437408481036,0.549541884698587,1.05246614297009,0.655852983087871,0.595458420072991,1.04907642303275,0.248614656658246,-0.355945672379208,-0.805401420054913,0.0809808216613027,0.484830874045498,0.619802782276404,1.26727772415929
"171009_Smp_IL1DSW5um_2",-0.544551027385454,-0.722124615423093,1.01821995631396,0.217698913341506,2.7953744944218,0.252698674176429,1.3821400765592,0.123925905005658,0.266433528911125,0.810842316157811,0.459653150976808,2.17692476763877,1.22845348713599,-0.773541634468664,1.59508338252784,1.3669340963345,-0.029483835143755,0.0903035976858168,0.238322175395053,0.461011098480808,0.820809853408496,1.2164301105,-0.385847590557176,0.183646255294288,1.2841471148827,1.25495646346859,0.784977070959845,-0.204671153527174,2.74534271485853,2.71707168274853,1.16089756551875,1.73034940987017,-0.376822051624957,0.87722167363672,2.01195601670695,0.053827561766848,1.12304916900482,2.46624837693459,1.42711290608396,1.72461809451394,1.29333655397583,1.91917607513253,1.41637317248166,-0.00447576770333377,0.343685026739294,1.00612687303385,0.639296451688637,1.14712914454692,2.36693119744648,-0.13192235541193,-0.582288131861429,-0.230362240307787,0.382252049256314,-0.472317333973466,1.23231584377767,0.670510513128719,2.46627234391779,1.93969596128273,0.13155961265911,-0.155291468262081,0.749921507955392,1.07928051020233,-0.360917271477268,-0.108761374354931,0.744021608531028,0.726878222091925,-1.06416489910033,1.40943050420839,-0.226755351231797,-0.65277887425411,0.944675070624859,1.0576444082062,2.80509080860308,0.523760490748768,1.91979884172842,0.261988442766572,0.366284140416671,-0.918814082535866,2.67553415541752,-0.541140039269324,0.970395609170138,-0.460115361875348,-0.0565490903903008,1.9380165472933,0.246806155041842,0.714953409728871,1.06242469061239,1.17413895998866,0.623602933824708,1.23039017038242,0.969694007220604,0.183599384473446,-0.604627269422366,0.324100423528173,1.16326122513467,1.54733991702726,1.78511222074874
"171009_Smp_IL1DSW5um_3",-0.107220898491573,-0.459383678556309,1.50048853242465,3.61083356139647,1.65557664481,0.723828665187138,3.07458244844542,-0.0552026382524481,0.889296381163219,-0.360010283019297,0.0906299243172195,1.90210802673368,1.63609822565326,-0.242539107563652,1.77127710356681,2.07902033370486,0.151260326032274,0.678448196130128,0.674576061442002,-0.0922220965822139,3.25924646809658,2.78003825953893,-0.380637448226199,0.0415663816913921,1.02327733588358,1.89097878868698,1.12024699695939,1.03606568812399,0.452976308472456,2.18133852368436,0.580750560158513,1.13979929138423,-0.196558680017898,1.36160208199888,1.01833265080889,0.233240510057997,0.790873542013829,2.40218559511097,2.4321787294665,1.63312707271355,3.01297170063868,0.365493025378686,2.77898202128257,-0.403042084003386,0.413374073290637,2.15924913761317,0.827973958490493,1.73267004607666,-0.161916420219814,0.698720166222276,0.150014959415949,0.113971234765574,0.295496695791315,0.397572346434385,1.52906972669184,0.897344517760513,1.36066631563781,1.90987047200384,0.120267363017991,-1.55675077423703,0.606235757026364,1.13764917939726,0.889237241470173,-1.73335781444775,1.2053577537361,0.670259634398255,-0.447896218823205,0.813786713193286,-0.109932185409781,-0.490222592411399,1.20488859836642,2.02727904863849,1.79611728367355,2.04433147341305,0.0947373731098455,-0.928927460201779,0.670192667544149,-0.3135990658058,1.53053300974638,-0.305207167796083,2.34645660234573,-1.34349407745641,-0.531479669096643,0.670229621739724,0.150707193388122,0.357584000525626,1.0259611718986,0.813032753416402,-0.117175120749839,0.063720207998076,2.09152480871164,-0.241691704600836,-0.295759439366697,0.406874483228211,1.18876699934082,-0.346304476363765,1.43955250312637
"171009_Smp_IL1IT05um_1",0.754766655644781,-1.20186158331275,-1.07597187768717,-0.581301239769071,-1.12994190235754,-1.31278409335698,-0.838930800088184,-1.04201012424348,-1.26119689979772,-0.26298448158644,-1.2724810902446,-0.459459885754843,-1.25761908193484,-1.30705230036721,-1.13118117946451,-1.17957765394116,-1.43362639631144,-1.59828329449388,-1.3000849591878,-1.26701084045533,-0.928320764423701,-0.751317021620627,0.553880256370085,-0.831973794468419,-1.52573082354389,-1.06296113583878,-1.27309086412951,-1.16237291393267,1.57383739072607,-0.721053766336921,-1.08405146401237,-1.06095000643168,-0.57353062749827,0.293202905805572,-0.844423917783275,-0.117798557347492,-0.720307353727219,-0.834835463413364,-1.1410521736286,-1.05973183267924,-0.783197362844374,-1.06378183750257,-1.16170205046061,-0.750484552135866,-0.813094792258069,-1.1738808173404,-1.38155599026917,-0.932650962538411,-0.878014173897479,-0.825007832527338,1.36861483711739,-1.17911243989066,-1.01826851655111,-0.134398465942429,-1.13135712366695,-1.45013175955306,-1.07535234048158,-1.15634768252834,-1.37241759702254,-0.171395377734187,-1.20280109760423,-1.11414660712223,-0.0767368137679461,0.445358297181541,-0.985579643089779,-0.695141637678006,0.925187319450913,-0.881397891590205,-0.774814582099578,-0.479152063585298,-0.990433607463639,-0.958035259235085,0.0191221871161447,-1.03460072997488,-1.15216020839331,0.0759198222011901,-1.55310866701012,-0.95530294199732,-0.746296345700579,0.0633532448642681,-1.11680517925523,0.363823818541759,-1.31700391544557,-1.27584866813872,-0.920739710842383,-1.2697356195951,-1.57606856698577,-1.12875276916456,-1.48312239143838,-1.57092652038088,-1.32463833597897,-1.13819888473175,-1.26448565317583,-1.09877918822974,-1.44823326096926,-0.406912494931061,-1.08339810401759
"171009_Smp_IL1IT05um_2",0.575074216689952,-1.77770317001338,-1.1387679884646,-0.536859788146872,-1.20830726661012,-1.42400944123252,-0.924685901763246,-1.40849329062962,-1.4884976495436,1.86474805844251,-1.0001836700247,-1.13338534989157,-1.3502363976826,-2.18745739304528,-1.2041084885994,-1.34552910958457,-2.10187510809431,-1.59177745977553,-1.52231032515911,-1.1576544575637,-0.963238595092113,-0.333980352150626,-0.50461293019999,-0.842257071395321,-1.71391378632086,-1.13338448182507,-1.44412911729446,-1.22873046410226,0.570157230650937,-0.76306393830611,-1.21923566498445,-1.40001292812124,-0.466242780633236,0.143877440139463,-0.841816050101015,1.28098704013721,-1.2516515511296,-0.824858095888818,-1.19549424278344,-1.20809033615874,-0.783197362844374,-1.05267694429504,-1.11044370970436,-1.28981514361028,-0.954491470586309,-1.34425305130258,-0.844744116584269,-1.39530044308407,-0.66681683553093,-0.551634268677623,-0.582288131861429,-1.28878927340724,-1.38108147263598,3.07278391137959,-1.37797467819039,-1.54191580489436,-1.21595456012322,0.281651319587479,-1.70039745920874,-0.37510594007463,-1.44431491370886,-1.43312736727171,2.86950842004252,0.782383347127985,-1.16934907337957,-0.783326406689553,-1.34150072944224,-0.871065559103053,-1.50864833936318,-1.16728929009942,-1.49921272928952,-0.178440975797805,-0.123979409552418,-1.01518030814912,-1.25793974819157,-1.80494145779467,-1.70322433268682,0.616165979557159,-0.730779063543432,2.93828509742562,-0.327894139424996,-0.225592055957844,-1.5797938486613,-0.76034522174509,-1.36320157088642,-1.65461602541716,-1.71250404316838,-1.0888816092341,-1.30717839907295,-1.4638620801278,-0.933274726384335,-1.77043768928403,-1.83771764142106,-0.689298681973266,-1.69703355747845,-0.451042650301513,-1.15274878735183
"171009_Smp_IL1IT05um_3",-0.609194001299687,-0.152826912714627,-1.00988073450918,-0.593255181189013,-1.01759836829881,-1.31122792986179,-0.853240713986096,-1.17854960593335,-1.07638622921968,0.0285013017873249,-1.3270599973084,-0.679797348324818,-0.903253229030729,-0.975650650978438,-1.07414021093478,-1.1234080867399,-0.989937904233618,-1.34830030250999,-1.13946364737181,-1.08964600106061,-0.920992594931077,-0.808476950786144,-0.39626504335807,-0.832551790512101,-1.41493728328818,-1.00851177279513,-1.19623567713799,-1.18705349918116,-0.204546312472234,-0.723834978477611,-1.05821644888784,-1.10196922035764,-0.558216703874609,1.08934313581084,-0.841377069016215,-1.40918665781232,-0.924449730084016,-0.834835463413364,-1.11588699443094,-1.0141374704775,-0.783197362844374,-1.05087427907581,-1.01659778603214,-0.855869304289456,-0.907074057755283,-1.09956912216417,-1.16437793684536,-0.882179495027062,0.116270512504371,-1.0062014960464,-0.582288131861429,-1.21827639230672,-0.92022683530865,-0.271879961215523,-1.04523178704354,-1.34468334791067,-0.968868330679259,-1.03902883933232,-0.857481363750383,-0.969415527339641,-1.05826484935725,-1.14596191479349,-0.324175015702479,0.953057930043193,-1.06700997901969,-0.495645054591084,0.850212292404132,-0.711601881120907,-0.297295288003267,-0.199808597637317,-1.25336051917539,-1.12716712188694,-0.808549216511172,-1.03274751581877,-0.999184931493281,0.0255529228549931,-0.93198416399321,0.282482520187885,-0.746296345700579,-0.924511988065996,-1.36389268759958,-1.76807388099072,-0.648202673122656,-1.30056197797626,-1.12942981926963,-0.874614851584634,-1.01334443336845,-1.10131811515519,-0.930034901920721,-0.704447698221549,-1.22374745800976,-0.881220534089128,-0.929123371410257,-0.714094598604182,-1.03963438508431,-0.406534994145242,-1.03558972658113
"171009_Smp_IL1noBT5um_1",-0.129804306280648,1.28361799834944,-0.237411107400459,1.05444292966599,-0.180579256498675,0.409179780132412,0.572134288524979,0.154802471690027,0.0309970164488652,-2.04424909775535,0.125433625635755,-0.129652188625669,0.0737137079138763,0.0439196318326939,1.12466922759207,0.556515042664176,0.248218167093072,0.616312372065028,0.743633051305863,0.181174320004229,0.390481518361928,0.201538510588662,-0.209916806291678,2.44520762586753,0.875587534347226,0.897236492755744,1.86743587642157,-0.377622935860493,-0.138236649756609,-0.0396841816891235,0.56664248069514,0.793911780785434,0.376429162340807,-1.61243361946095,-0.261817789367502,0.538470546024409,0.0190787379763054,0.0977537633184056,0.597946510449552,0.250874519417819,0.587151884328338,-0.347340746506188,0.502303886332788,-0.404980761107591,1.28257409034842,0.649957241594166,0.382004874437508,-0.193414907543439,-0.244155280691939,0.280927568320924,-0.151365681412106,0.220156315549573,-0.243750779297049,-0.243241467114201,0.553325716652781,0.0659248128180066,0.570831307745461,0.0289683398937651,0.235733499849992,-0.249453341601498,0.237478865282176,0.314913716139079,-0.0975377931030749,-2.10601485502658,-0.172369888802761,0.992608482870711,-0.0376001888978206,-0.0718150744758473,1.166023230259,1.0212641474576,0.613164267433641,0.503429641373845,1.11736459538558,1.35320133115313,0.117141849627,0.0148718208885583,0.532082824388732,2.81857573699055,0.0235021861695398,0.509112069307817,1.00885005683222,0.574377928344348,0.604863353003765,0.584175394468328,0.187901985993915,0.214572527666552,0.160861781696108,0.753373846665059,0.775960783930627,0.452735847808179,-0.602572821332812,0.332818328545534,0.647253405407142,0.37241034757833,0.550763019411542,-0.341742433770042,0.162717749223037
"171009_Smp_IL1noBT5um_2",-1.02481400166253,0.026760560502181,0.122785014301453,-0.230077994276867,0.480285549198116,0.903935523121823,-0.0512517966390594,0.329821745234589,0.428852849813832,0.881189913246986,0.623235907581226,0.660119371240675,1.16960211397131,0.0764990472072233,0.40582829155417,0.130162828524408,0.87555261497515,1.69165034162423,0.496697174054326,1.38092663245484,-0.31680752637582,-0.105849573749074,-0.192421839800375,1.38385382868825,0.329918071727325,0.576352471229478,0.775023794577236,-0.154401804238209,-1.33350314768173,0.106172711573131,0.604706171894913,0.464823044036541,-0.238823138468308,-0.267344642922798,0.206043223107794,-0.707176102503706,-0.179054877633151,0.100829894427135,0.0921767207573648,0.919428615157103,-0.306431582677806,0.0752559247784298,1.00174049090051,0.9467139755094,0.682957451021295,0.173312562223257,0.921702412956592,0.669102361027562,-0.218284053310979,-0.836051650966702,0.941311441773435,0.639017111551295,0.128717683367184,-0.296669437561142,0.544856392275753,0.524446720316275,-0.169011299128567,1.22331623874478,0.591207096871534,-0.270583486589375,1.11274661065765,0.117124508137146,-0.0406727781674307,0.850198610968999,0.136156781249893,1.88224565077823,-0.857128659023459,-0.0460704904323604,0.625985233494129,0.0899650722500211,-0.798298959043365,0.431079111922908,-0.669331798650072,-0.817001123383081,1.35887866478417,-0.690766097787475,2.31639284894168,-0.0468690308971171,0.263550893234688,0.0302532616095227,-0.159930656388952,-0.160917487284441,0.818299875941243,0.544174375758935,-0.2625158043377,0.661019090836725,2.01409864631519,0.741246695339005,0.822354029040779,0.697377802933436,0.015034110878669,0.899041750347481,0.221298307687905,1.02882812939651,0.667522047910987,-0.410540153923656,0.347297183957514
"171009_Smp_IL1noBT5um_3",-0.46764152621887,2.06853225768285,2.43151035373023,1.59487887506057,0.843221691811601,2.72484023336741,1.40929786976503,2.85958605725133,2.08356916045846,-0.513664013237571,2.29322273916684,0.357309192659725,1.35820369847247,1.39725407827059,1.24923695427786,1.38381736475929,1.54281355880925,1.82767833021976,2.45575879973968,2.29379094354138,1.7531687331295,1.53916213443324,0.126673559834428,1.4500384976349,1.659694074884,2.24704980482033,0.908050763858121,0.452260854990101,0.515106271556305,-0.272302487763054,3.01088860206269,1.73020004267812,1.14705463823366,-0.208978553807872,2.52496498957083,-0.577372583509258,1.97637431985038,0.47762951844029,1.62655409683105,0.506657539895783,1.73548557132942,2.44116473998591,0.435489082338518,1.78293307099252,1.53441081796023,1.72962539096344,2.13026991057241,1.97973507120029,2.4253881352312,2.49017432807428,0.7287466626246,3.00651476176869,1.91605012048617,-0.230724380995722,2.06165784606969,1.49014250976482,1.22602676259637,0.370251190835266,2.83938585717523,0.894136946818973,1.62487287487718,1.80695550467543,-0.404158699745437,-0.0583130759392106,1.93687595719673,-0.405721122598439,0.661502755495192,-0.0626383751205072,2.31717833623004,-0.628253344040628,1.47295609279414,1.61424637066748,0.213443706616903,0.547795661315265,0.485535296061579,-0.357087687882195,0.999502751179578,-0.177486321331298,2.14296066817063,-0.742594197549845,1.58016830632186,0.899680166986189,2.48357353562776,1.97153859749777,0.600841778793862,1.37236486264318,0.515128683557817,1.69207469221578,0.954251041756427,0.821596524524263,1.7324239297209,1.55261425987966,2.06684204181398,1.19247559434839,1.35117027864424,3.71925850753902,2.0961981060717
"171009_Smp_IL1WBT5um_1",1.20235273861554,-1.28352194480265,-0.825576622244457,-0.207873779342063,-1.03341652228239,-1.00733759598243,-0.662767076492204,-1.09023033898035,-1.31005448393521,-0.0828804530588883,-0.844321746558521,-1.07952683527563,-1.05463027042582,-0.90236676004184,-0.807565675430929,-0.803126156753372,-1.69356025645209,-0.857874875105748,-1.06722570236799,-1.11886962043576,-0.57495728787844,0.0731922146309012,-0.490568185731739,-0.801102055506099,-0.761302225244818,-0.978759238460834,-1.17518479688038,-0.963490551853975,-0.720036026004902,-0.736535430873793,-1.13008149518415,-1.10611542533864,-0.511361162549004,1.12344177754395,-0.775698069892958,1.43423001596822,-1.39033856749511,-0.809670534777389,-0.798054799951509,-0.930928540172402,-0.747060468918446,-0.677086759783587,-1.06706858232598,-1.41522539909617,-1.34871530355185,-1.00162378928954,-0.663182627676862,-1.04473090035827,-0.281037622274659,1.89060118930965,-0.274030367163185,-1.05319767797899,-1.74794312665305,2.29877839701855,-0.919680658504583,-0.70627193270419,-0.876513901588733,0.105282679534385,-1.26529064793527,-0.738215272456462,-1.02394310785561,-1.18633519558822,2.44891955759159,-1.11439486943228,-1.01418122841582,-0.683690123665826,-1.58834973595763,-0.691380539790488,-1.24388413466408,-0.23299243842934,-0.745269432034562,0.0515366676769608,-0.907654651404963,1.28333480676471,-1.04836645063427,0.204587019185194,-0.899724820326105,-0.651359453945539,-0.721643204483504,1.00282296402296,0.345489078143425,-2.03406934102421,-1.59192492683086,-0.439621668352836,-0.423096271354119,-1.47522886200035,-1.13682912074179,-0.803925306332904,-1.95335423752512,-2.10349800071193,-0.302178136570242,-1.20587138488305,-1.29370620831649,-1.44646063073845,-1.00424786908801,-0.451042650301513,-0.990503565268186
"171009_Smp_IL1WBT5um_2",-0.845974533145786,0.711059012040194,-0.767254262526986,-0.571542340649794,-0.579918344724231,-0.746494436866958,-0.826070045720271,-0.303709748998618,-0.923931830842254,-0.609335969402052,-0.892800671127361,-0.181553395426978,-0.422427063961353,0.348649565274502,-0.909894829234863,-1.02314926557368,0.209253046596935,-0.859866261553897,-0.676989931790693,-0.764239700226072,-0.711223462633712,-0.849793918777127,-0.4300527308161,-0.830840634296661,-0.977978430313015,-0.866757384840464,-0.987009622631718,-0.789579870596293,-0.433673871966753,-0.576005959852448,-0.756185260212593,-0.913075064612599,-0.548444906903298,0.704247944054302,-0.749321781395974,-0.773336435317416,-0.176037898344137,-0.652574277797908,-0.944698753320111,-0.952096778033362,-0.699091761491006,-0.729908835046972,-0.663818575140484,0.0588857929821433,-0.978424871097733,-0.894420878976114,-0.85338381364318,-0.977230099917639,-0.334838547207939,-0.315681996367326,-0.582288131861429,-0.483003705522883,-0.911012249959822,-0.512227071800802,-0.844589120873377,-0.539068786719474,-0.607388941047194,-0.639809383028872,-0.368776374974651,-0.751447517265434,-0.604996437546687,-0.254681152269585,-0.593040870504034,0.742053748459381,-0.672754287408013,-0.312771196303059,2.37422064571314,-0.665096351287979,-0.850978236202361,-0.0241119380662091,-0.00557538861393646,-0.887048274266639,-0.666057058795194,0.157056052735021,-0.125796709861192,1.61454824994339,-1.10612793138813,-1.00356749775185,-0.560118837861841,-0.889212054137925,-1.05487473671071,0.480795619687435,0.504237385690443,-1.02608268120145,-0.2496635391756,-0.100124166374098,-0.388686536455727,-0.874205650714125,-0.961955698677855,-0.88729144769896,-0.615953742819157,-0.361721659350833,1.35969154132836,-0.282924500196592,-0.50772737638969,-0.26615928913503,-0.814646356068089
"171009_Smp_IL1WBT5um_3",-1.23665530260487,-0.848898349664493,-0.637635743499907,-0.541018586517567,-0.856240726568719,-1.0697453241298,-0.697167806223593,-0.898148370908118,-1.10883598330906,0.32445730548187,-1.23953390023863,-0.873985211954251,-1.14493247354115,0.0429341905257629,-0.937602666208548,-0.682576220910709,-1.06723782507504,-0.359653045718205,-0.861141379899951,-1.0438678039114,-0.688380838509483,-0.819937553328677,-0.443181961717307,-0.79468460532795,-0.495358696104334,-0.886718155381659,-0.696488099353932,-0.743320647723825,0.244182118257478,-0.681926106141341,-0.946430862985801,-0.78842760964599,-0.560373788131011,-1.16595822164642,-0.760250981590364,-1.78330298629451,-0.895497422622988,-0.762308952010666,-0.763617252700476,-1.00184302345111,-0.767407116254086,-0.91798485169677,-0.835237783735506,-0.77174790623193,-1.19633774455624,-0.95048144440187,-1.23577388746707,-0.967769155542251,-1.06281184496821,-0.711364679118751,-0.582288131861429,-1.03254892371814,-0.838766789869523,-0.487119328746182,-1.02117068861831,-0.710270786564488,-0.834682242114377,-1.24091716102673,-0.696839329973562,0.386296373299433,-1.10157984281626,-0.839009355885491,-0.444579858478218,0.212442715884053,-0.820672558375936,-0.697380360466629,0.318155065928516,-0.836703315404379,-1.16988532842315,-0.848840246383358,-0.727712771116167,-1.123780553207,-0.49162146866828,-1.19860692626445,-1.10728118788199,-0.0311608603542063,-0.799402021387778,-0.497900517698447,-0.692480456182929,-1.23784027011623,-1.10870028296518,-0.951450693092207,-0.968266625530538,-1.25358782600664,-0.600265507829224,-1.11093173101597,-1.37733322792227,-0.93661378075348,-0.900932977701744,-0.871239816115988,-0.469841688816773,-1.04716938479708,-0.90362460351434,-0.976820268045296,-0.827248114876389,-0.424964630457236,-0.919243208743776
